[
   {
      "id": "6283819926835@s.whatsapp.net",
      "expired": 1668571261782
   },
   {
      "id": "6282169286432@s.whatsapp.net",
      "expired": 1667813413897
   },
   {
      "id": "6281229317290@s.whatsapp.net",
      "expired": 2530609370945
   },
   {
      "id": "6281290413386@s.whatsapp.net",
      "expired": 1669706911735
   },
   {
      "id": "6281387320837@s.whatsapp.net",
      "expired": 1671967664079
   },
   {
      "id": "62895346404969@s.whatsapp.net",
      "expired": 1695402712084
   },
   {
      "id": "6285223865042@s.whatsapp.net",
      "expired": null
   },
   {
      "id": "6281245671059@s.whatsapp.net",
      "expired": 1672849325710
   },
   {
      "id": "6282125072061@s.whatsapp.net",
      "expired": 10310413151710
   },
   {
      "id": "r@s.whatsapp.net",
      "expired": 7956519097016
   },
   {
      "id": "Didan@s.whatsapp.net",
      "expired": 7956519131165
   },
   {
      "id": "6289681445368@s.whatsapp.net",
      "expired": 1676182245767
   },
   {
      "id": "6288298772948@s.whatsapp.net",
      "expired": 1676182262301
   },
   {
      "id": "6281326280840@s.whatsapp.net",
      "expired": 1676182270011
   },
   {
      "id": "6282124191546@s.whatsapp.net",
      "expired": 1676342897258
   },
   {
      "id": "6287734276016@s.whatsapp.net",
      "expired": 1676342947532
   },
   {
      "id": "6285718845621@s.whatsapp.net",
      "expired": 1676713659568
   },
   {
      "id": "6285161659720@s.whatsapp.net",
      "expired": 1677059390136
   }
]