[
   {
      "id": "120363039855408528@g.us",
      "text": "「 SUKSES 」Menutup Group"
   },
   {
      "id": "120363040580846598@g.us",
      "text": "*CLOSE ORDER*\nTerimah kasih yg sudah order hari ini ,semoga rejeki kalian di lancarkan🙏🏻\n\n*CLOVAI*"
   },
   {
      "id": "120363045759264589@g.us",
      "text": "*CLOSE ORDER*\nTerimah kasih yg sudah order hari ini ,semoga rejeki kalian di lancarkan🙏🏻\n\n*CLOVAI*"
   },
   {
      "id": "120363044765310445@g.us",
      "text": "[ SUKSES ] Menutup Group"
   },
   {
      "id": "120363039666449920@g.us",
      "text": "*Terimakasih buat semuanya semoga kita semua diberi sehat dan di lancarkan rezekinya aamiin🙏*"
   },
   {
      "id": "120363026558186464@g.us",
      "text": "*Terimakasih buat semuanya semoga kita semua diberi sehat dan di lancarkan rezekinya aamiin🙏*"
   },
   {
      "id": "120363040566891279@g.us",
      "text": "*Terimakasih buat semuanya semoga kita semua diberi sehat dan di lancarkan rezekinya aamiin🙏*"
   },
   {
      "id": "120363027693040429@g.us",
      "text": "*CLOSE*"
   },
   {
      "id": "120363049551811466@g.us",
      "text": "close ya guys"
   },
   {
      "id": "120363046072742991@g.us",
      "text": "manukmu gedi"
   },
   {
      "id": "120363041623541009@g.us",
      "text": "Makasih epriwan, next lagi ya"
   }
]