[
   {
      "id": "120363045053198325@g.us",
      "text": "Pesanan @user Sukses Terimakasih🫡"
   },
   {
      "id": "6285156610321-1615078688@g.us",
      "text": "🟢 *Transaksi Berhasil* 🟢\n*Tanggal :* @tanggal\n*Jam :* @jam\n\n*Pesanan :* @user\n🟢 *Ditunggu Next Order* 🟢"
   },
   {
      "id": "120363045400290723@g.us",
      "text": "@tanggal @jam\n\n@pesanan\n\nTerimakasih next order ya kak @user☝🏻😅"
   },
   {
      "id": "6285892928034-1630156812@g.us",
      "text": "Udah masuk dmnya mksh yh"
   },
   {
      "id": "120363044425275065@g.us",
      "text": "O━• *Transaksi Sukses* •━O\n\n```🎉 Status : Sukses\n📆 @tanggal\n⏰ @jam ```\n\n✎📜 Pesanan : \n@pesanan\n\n📜 *Pesanan @user Sukses*\n━O━O━••••••••••••━O━O━"
   }
]