[
   {
      "id": "120363045759264589@g.us",
      "text": "*Group Opened*\n\" Have a good day\" 🤓\n\n*CLOVAI*"
   },
   {
      "id": "120363040580846598@g.us",
      "text": "Group Opened\n\" Have a good day\" 🤓\n\n*CLOVAI*"
   },
   {
      "id": "120363044765310445@g.us",
      "text": "[ SUKSES ] Membuka Group"
   },
   {
      "id": "120363027693040429@g.us",
      "text": "*OPEN*"
   },
   {
      "id": "120363049551811466@g.us",
      "text": "halo gesa"
   },
   {
      "id": "120363041623541009@g.us",
      "text": "Open dikk.. bangun, jualan, biar bisa jajan"
   }
]