[
   {
      "id": "120363041249673767@g.us",
      "text": "APA WOI, DAH AKTIF AKU!\nJANGAN KAU PANGGIL PANGGIL TEROS!!"
   },
   {
      "id": "120363019755610340@g.us",
      "text": "saki ngewe sama guru"
   },
   {
      "id": "6281229317290-1616546251@g.us",
      "text": "iya sayang?"
   },
   {
      "id": "120363045759264589@g.us",
      "text": "On Kak,,,\nsilahkan ketik /menu"
   },
   {
      "id": "120363041676708482@g.us",
      "text": "*Lakukan Transaksi Tanpa Ragu di* _Aldipedia_"
   },
   {
      "id": "120363026533593953@g.us",
      "text": "Apa Woi, Mau ngasi tau RH STORE Anak haram"
   },
   {
      "id": "120363040580846598@g.us",
      "text": "ON BESTIE"
   },
   {
      "id": "120363038328634657@g.us",
      "text": "apa sayang"
   },
   {
      "id": "120363045053198325@g.us",
      "text": "Dalem sayang"
   },
   {
      "id": "120363041570552214@g.us",
      "text": "Kumpulan Kata-Kata Bijak Anak Mobile Legend\nOrang bijak sejati tak akan memberitahumu kebenarannya. ...\nKau hanya perlu percaya. ...\nAda banyak hal menakjubkan di dunia ini yang pantas mendapatkan perlindungan kita. ...\nTerus majulah ke depan dan jangan takut pada apa pun! ...\nMeskipun berbeda-beda, kita tetap satu."
   },
   {
      "id": "120363039666449920@g.us",
      "text": "Apa sayang manggil manggil❤"
   },
   {
      "id": "120363042952456336@g.us",
      "text": "apa sayang"
   },
   {
      "id": "6289691752457-1514089711@g.us",
      "text": "*APA AJG*"
   },
   {
      "id": "120363045400290723@g.us",
      "text": "oi"
   },
   {
      "id": "120363025429728918@g.us",
      "text": "apa sayang, manggil-manggil mulu deh daritadi 😘"
   }
]