[
   {
      "id": "120363045053198325@g.us",
      "text": "@jam\n@tanggal\n\nPesanan @user sedang Di Proses"
   },
   {
      "id": "6285156610321-1615078688@g.us",
      "text": "🟡 *Sedang Diproses* 🟡\n*Tanggal :* @tanggal\n*Jam :* @jam\n\n*Pesanan :* @user\n🟡 *Mohon Ditunggu* 🟡"
   },
   {
      "id": "120363045400290723@g.us",
      "text": "@tanggal @jam\n\n@pesanan\n\nPesanan @nama Sedang di proses"
   },
   {
      "id": "120363044425275065@g.us",
      "text": "O━• *Transaksi Proses* •━O\n\n```🎉 Status : Pending\n🎊 Mohon Di Tunggu\n📆 @tanggal\n⏰ @jam ```\n\n✎📜 Pesanan : \n@pesanan\n\n📜 *Pesanan @user Pending Mohon Di Tunggu*\n━O━O━••••••••••••━O━O━"
   },
   {
      "id": "120363022012031306@g.us",
      "text": "O━• *Transaksi Proses* •━O\n\n```🎉 Status : Proses\n🎊 Mohon Di Tunggu\n📆 @tanggal\n⏰ @jam ```\n\n✎📜 Pesanan : \n@pesanan\n\n📜 *Pesanan @⁨user sedang diproses*\n━O━O━••••••••••••━O━O━"
   },
   {
      "id": "120363045188951364@g.us",
      "text": "Proses @user"
   },
   {
      "id": "120363029687572092@g.us",
      "text": "「 *TRANSAKSI PENDING* 」\n\n```📆 TANGGAL : @tanggal\n⌚ JAM : @jam\n✨ STATUS : Pending```\n\n📝 Catatan :\n@pesan\n\nPesanan @⁨user sedang di proses!"
   }
]