[{"id":"6281269441124@s.whatsapp.net","name":"#NS2DB7DD020EF81A3","seri":"NS2DB7DD020EF81A3"},{"id":"6285881397603@s.whatsapp.net","name":"#NS58931E4E6E3ED81","seri":"NS58931E4E6E3ED81"},{"id":"6281554934544@s.whatsapp.net","name":"#NS2B02A8C501D5668","seri":"NS2B02A8C501D5668"},{"id":"6285688542562@s.whatsapp.net","name":"#NS4C4CB00549E8F59","seri":"NS4C4CB00549E8F59"},{"id":"6283165045734@s.whatsapp.net","name":"#NSCC6E32787EEA310","seri":"NSCC6E32787EEA310"},{"id":"62882320568373@s.whatsapp.net","name":"#NS9F588755840AACE","seri":"NS9F588755840AACE"}]