[
   {
      "id": "120363030363520786@g.us",
      "key": "Ml A",
      "response": "Via id server\nProses 1 - 15 menit (setelah diread)\nMax 24 jam jika error/maintenance\n\n86 💎          (78+8)        Rp 19.622 \n172 💎      (156+16)      Rp 39.000\n257 💎      (234+23)      Rp 59.000\n344 💎      (312+32)      Rp 78.000\n429 💎      (390+39)      Rp 98.000\n514 💎      (468+46)      Rp 118.000\n600 💎      (546+54)      Rp 137.000\n706 💎      (625+81)      Rp 157.000\n878 💎      (781+97)      Rp 196.000\n963 💎     (859+104)     Rp 215.000\n1050 💎   (937+113)     Rp 235.000\n1220 💎  (1093+127)    Rp 273.500\n1412 💎  (1250+162)    Rp 313.000\n2195 💎  (1860+335)    Rp 470.000\n3688 💎  (3099+589)    Rp 784.000\n5532 💎  (4649+883)    Rp 1.185.000\n9288 💎 (7740+1548)   Rp 1.965.000\n\n🔴 *HARGA DM BISA NAIK SEWAKTU-WAKTU DAN MENURUN SEWAKTU-WAKTU*\n🔴 *PROSES HANYA VIA ID SEVER*\n🔴 *FORMAT TOPUP*\n       ID                    :\n       SEVER            :\n       NICK               :\n      JUMLAH DM  :\n       SISA DM         :",
      "isImage": false,
      "image_url": "-"
   },
   {
      "id": "120363030363520786@g.us",
      "key": "pay",
      "response": "💳💳PEMBAYARAN\n  _a/n : Finley Fa_\n\n*• BCA _Pm admin_*\n\n*• DANA _081269441924_*\n*_KHUSUS TF VIA DANA MOHON DI TAMBAH 200 PERAK DARI HARGANYA JADI HARGA + 200 PERAK_*\n\n*• GOPAY _081269441924_*\n\n*• SHOPYPAY _081269441924_*\n\n*• Indomaret/Alfamart*\n_*PM admin*_\n\n*• Bank jago : _102660356633_*\n\n_*🛑 KIRIM BUKTI TRANSFER SETELAH MELAKUKAN PEMBAYARAN*_\n_*🛑 SS PEMBAYARAN WAJIB DI SATUIN DGN ID DAN SERVER*_\n_*🛑 JANGAN KEKURANGAN 1RUPIAH PUN, JIKA KURANG TIDAK DI PROSES*_",
      "isImage": false,
      "image_url": "-"
   },
   {
      "id": "120363030363520786@g.us",
      "key": "Joki",
      "response": "*HARGA RESELLER JOKI  FYNSTORE* ( pemesanan via wa )\n\nGM 6.000k/Star\nEPIC 8.000/Star\nLegends 9.000/Star\n\nJOKI PAKET \nGM V - EPIC V 150k\nEPIC V - LEGEND V 180\nLEGEND V - MYTHIC 212.500\nGRADING 230K\n\n*MYTIC PERBINTANG*\nMytic 0 - 50 🌟: 25.000 Perbintang\nMytic 50 - 100 🌟 : 30.000 Perbintang\n\nJoki Mcl weekend 120k\nJoki Mcl Final  150k\n\nClasic 5k/win\n\nBenefit :\n- di proses penjoki terpilih yang pastinya sudah di seleksi sampai 1 minggu hingga mendapatkan jokian good service\n- auto winstreake\n- free reg hero \n- di kerjakan sesuai estimasi\n- langsung proses tanpa ngantri",
      "isImage": false,
      "image_url": "-"
   },
   {
      "id": "120363030363520786@g.us",
      "key": "Ml B",
      "response": "Closed",
      "isImage": false,
      "image_url": "-"
   },
   {
      "id": "120363030363520786@g.us",
      "key": "Gift skin",
      "response": "*SKIN READY*\n\n269   💎\tNORMAL = 50.000\n299   💎\tNORMAL = 55.000\n399   💎\tELITE = 70.000\n599   💎\tELITE = 100.000\n749   💎\tSPECIAL = 125.000\n629   💎 Epic PO = 115.000\n899   💎\tEPIC = 160.000\n1089 💎\tLIGHTBORN = 185.000\n188   💎 PAINTED SKIN = 40.000\n\n *GIFT ITEM*\n\n239   💎 CHANGE NAME = 50.000\n299   💎 SQ CHANGE NAME = 55.000\n1000 💎 CHANGE FLAG = 165.000\n599   💎 ALL HERO = 100.000\n\n*GIFT CHARISMA*\n999   💎 GOLDMOON LATERN  = Rp 160.000\n499   💎 ANGEL ARK  = Rp 85.000\n499   💎 PARADISE ISLAND  = Rp 85.000\n\n*👤 BERTEMAN 7 HARI*\n*📆 SEND SESUAI JADWAL*\n*⏰ START SEND SAAT MALAM*\n*📦 STATUS OPEN ✅*\n*Jadi unpren = hangus*\n\nPeraturan baru ye Terimakasih\n--------------------------------------------------\n*Format Order Gift Skin & Item*\n*ID*: \n*Server*:\n*Nick*:\n*Tanggal Order*:\n*Nama Skin*:",
      "isImage": false,
      "image_url": "-"
   },
   {
      "id": "120363030363520786@g.us",
      "key": "WP",
      "response": "*WEEKLY PASS MLBB*\n_VIA ID SERVER_\n1 x  *Rp 28.000*\n2 x  *Rp 56.000*\n3 x  *Rp 84.000*\n4 x  *Rp 112.000*\n5 x  *Rp 140.000*\n10x *Rp 280.000*\n\n🛍️ Proses via id sever\n🛍️ Hanya 1-5 menit saja \n🛍️ Proses sedetik oleh bot 🔥\n🛍️ Tuntas misi 250 DM kalau     beli 3x\n_Reward :_\n• Total 210💎\n• 210 Starlight Point\n• 70 COA\n• Weekly Diamond Pass Choise Bundle\n\n_*BISA CLAIM MISI 100*_",
      "isImage": false,
      "image_url": "-"
   },
   {
      "id": "120363030363520786@g.us",
      "key": "Vilog",
      "response": "``` *VIA LOGIN MOBILE LEGEND WITH PLAY🔥*\n\n*PROSES 1-3 JAM*\n*(Sesuai Antrian)*\n*LOGIN MT/FB*\n\n*275    💎 : 60.000*\n*565    💎 : 110.000*\n*840    💎 : 170.000*\n*1155   💎 : 210.000*\n*1430   💎 : 265.000*\n*1765   💎 : 300.000* \n*2330   💎 : 400.000*\n*2975   💎 : 500.000*\n*4740   💎 : 780.000*\n*6000   💎 : 950.000*\n*7155   💎 : 1.150.000*\n*8975   💎 : 1.500.000*\n*12.000.💎 : 1.900.000*\n\n*Note :*\n• 100% Legal with invoice\n• Wajib Matikan V2l\n• Dapat Invoice\n• Buy with risk```",
      "isImage": false,
      "image_url": "-"
   },
   {
      "id": "120363030363520786@g.us",
      "key": "PO💎",
      "response": "PROMO KHUSUS PO MOONLIGHT (2)\n\n344  💎 Rp 76.000\n600. 💎 Rp 134.000\n1050💎 Rp 230.000\n1220💎 Rp 269.000\n1412💎 Rp 308.000\n2195💎 Rp 465.000\n\nVia id sever , proses pas event bisa 1-2 jam paling cepet 1-6 menit kalau web kagak ada kendala \n\nList PO 💎\n1. 947747114 (10871) : 600💎\n2.\n3.\n4.\n5.\n6.\n7.\n8.\n9.\n10.",
      "isImage": false,
      "image_url": "-"
   },
   {
      "id": "120363030363520786@g.us",
      "key": "Link",
      "response": "https://sociabuzz.com/zstore_mlbb/tribe",
      "isImage": false,
      "image_url": "-"
   },
   {
      "id": "120363155256698734@g.us",
      "key": "Ml B",
      "response": "Via id sever \n14💎\tRp3.604\r\n42💎\tRp12.000\r\n70💎\tRp18.000\r\n140💎\tRp37.000\r\n284💎\tRp73.000\r\n355💎\tRp91.000\r\n429💎\tRp110.000\r\n716💎\tRp181.000\r\n1446💎\tRp361.000\r\n2976💎\tRp721.000\r\n7502💎\tRp1.805.000",
      "isImage": false,
      "image_url": "-"
   },
   {
      "id": "120363155256698734@g.us",
      "key": "/menu",
      "response": "Selamat Datang Di\n*🔖 FYNSTORE 🛍️*\n\n📅 : Hari ; tanggal ; bulan ; tahun \n⏰ : Jam \n\n\nUntuk Melihat List menu\nKetik *teks* di atas",
      "isImage": false,
      "image_url": "-"
   },
   {
      "id": "120363147193591424@g.us",
      "key": "list",
      "response": " *List Dapoer apps*\n• *Payment*\n• *Vultr*\n• *Azure*\n• *Alibaba*\n• *Contabo*\n• *Spotify*\n• *Netflix*\n• *Youtube*\n• *Sebot*\n• *Token*\n• *Vcc*\n• *Email*\n• *smule*\n\n*Pastikan admin respon sebelum order*",
      "isImage": false,
      "image_url": "-"
   },
   {
      "id": "120363146148438852@g.us",
      "key": "spotify",
      "response": "    *Spotify By Dapoer apps*\n\n*Invite 2 Bulan fullgar*\nRp. 20.000\n\n*Inplan 3 Bulan fullgar*\nRp. 20.000\n*Order 2 Akun IDR 35k*\n*Order 5 akun Free 1 akun*\nOrder tidak satu satu kalau harga murah\n\n*Inplan 3 Bulan nogar*\nRp. 15.000\n\n*Spotify 3B Luar Inplan IDR 15k*\n\n*Link Spotify 3B IDR 4k*\n\n*Sesudah Tranfer pastikan chat/tag admin*",
      "isImage": false,
      "image_url": "-"
   },
   {
      "id": "120363146148438852@g.us",
      "key": "youtube",
      "response": "  *Youtube premium*\n• *Famhead 1B IDR 5k*\n• *Via invite 1B IDR 2k*\n• *2 invite IDR 3k*\nFullgar\n\n• *1B inplan IDR 5k*\n• *3b inplan IDR 15k*\n\n*Sesudah Tranfer pastikan chat/tag admin*",
      "isImage": false,
      "image_url": "-"
   },
   {
      "id": "120363146148438852@g.us",
      "key": "netflix",
      "response": " *netflix private*\n• 1 akun Private nogar *IDR 85k*\n• 1 Akun Fullgar *IDR 130k*\n\n*Sesudah Tranfer pastikan chat/tag admin*",
      "isImage": false,
      "image_url": "-"
   },
   {
      "id": "120363146148438852@g.us",
      "key": "azure",
      "response": " *AzureFT $200*\nIDR 75k no tawar\n\n*Sesudah Tranfer pastikan chat/tag admin*",
      "isImage": false,
      "image_url": "-"
   },
   {
      "id": "120363146148438852@g.us",
      "key": "alibaba",
      "response": " *Alibaba*\n*2core 4gb=3 month*\n*1 core 1gb = 1 years*\n\nGaransi 30 day *IDR 40k*\nGaransi 60 day *IDR 50k*\nGaransi 90 day *IDR 60k*\n\n*Sesudah Tranfer pastikan chat/tag admin*",
      "isImage": false,
      "image_url": "-"
   },
   {
      "id": "120363146148438852@g.us",
      "key": "contabo",
      "response": " *Contabo Vps Premium Nogar*\n• 4core 6gb 1 Month *IDR 160k*\n• 4core 6gb 3 Month *IDR 380k*\n\n*Sesudah Tranfer pastikan chat/tag admin*",
      "isImage": false,
      "image_url": "-"
   },
   {
      "id": "120363146148438852@g.us",
      "key": "vultr",
      "response": " 👉 *Vultr Vps Premium Nogar*\n• 2core 4gb IDR 100k\n• 4core 8gb IDR 170k\n\n👉 *Vultr Vps FullGar selama Durasi masih aktif*\n• 2core 2gb IDR 50k\n• 2core 4gb IDR 80k\n• 4core 8gb IDR 140k\n• 6core 16gb IDR 200k\n\n*Akun Vultr $255 IDR 180k*\n\n*Sesudah Tranfer pastikan chat/tag admin*",
      "isImage": false,
      "image_url": "-"
   },
   {
      "id": "120363146148438852@g.us",
      "key": "vcc",
      "response": " *vcc claim trial*\n\n*Vcc MC ID $1 IDR 5k*\n*Vcc Visa ID $1 IDR 5k*\n*Vcc Visa Wise $1 IDR 8k*\n*Up Balance 18k/$1*\n\n*Sesudah Tranfer pastikan chat/tag admin*",
      "isImage": false,
      "image_url": "-"
   },
   {
      "id": "120363146148438852@g.us",
      "key": "list",
      "response": " *List Dapoer apps*\n• *Payment*\n• *Vultr*\n• *Azure*\n• *Alibaba*\n• *Contabo*\n• *Spotify*\n• *Netflix*\n• *Youtube*\n• *Sebot*\n• *Token*\n• *Vcc*\n• *Email*\n• *smule*\n\n*Pastikan admin respon sebelum order*",
      "isImage": false,
      "image_url": "-"
   },
   {
      "id": "120363146148438852@g.us",
      "key": "smule",
      "response": " *PROMO VIP SMULE*\n\n\n🛍 VIP ANDRO : 30.000 Tempel\n🛍 VIP ANDRO : 45.000 Permanen 1Thn\n🛍 VIP IOS : 100.000 pemanen 1Thn\n\n*contact person :*\n085242049044",
      "isImage": false,
      "image_url": "-"
   },
   {
      "id": "120363146148438852@g.us",
      "key": "email",
      "response": " *List email*\n*Fresh email*\n• email gsuite *500p*\n• email gmail *2k*\n\n• Email bekas line *IDR 1k*\n\n*Sesudah Tranfer pastikan chat/tag admin*",
      "isImage": false,
      "image_url": "-"
   },
   {
      "id": "120363146148438852@g.us",
      "key": "token",
      "response": " *Token kebotan line*\n\n*Token addrandom*\n• 10 token *IDR 40k*\n• 20 token *IDR 75k*\n• 30 token *IDR 100k*\n\n*Note*\n*1 hari cuman bisa creat 150k token*\n*soal nya saya bukan robot*\n\n*Sesudah Tranfer pastikan chat/tag admin*",
      "isImage": false,
      "image_url": "-"
   },
   {
      "id": "120363146148438852@g.us",
      "key": "sebot",
      "response": " *Sewa bot*\n\n*Bot Line*\n• 10 bot prowar *IDR 150k*\n• 20 bot prowar *IDR 250k*\n• 50 bot prowar *IDR 400k*\n\n• Selfbot *IDR 25k*\n\n*Bot Whatsapp*\n• Bot Game Lengkap *IDR 20k*\n• Bot store+game *IDR 20k*\n• Bot Auto order *IDR 30k* sering error payment\n• Bot Bug New Babycat *IDR 50k*\n\n*Sell script*\n• Go-lang War *IDR 1 juta*\n• Helper selfbot *IDR 300k*\n• Sc wa store game *IDR 150k*\n• Sc Game MD *IDR 30k*\n• Sc Bug New Babycat *IDR 200k*\n\n*Ingat sc whatsapp gk bakal bisa kalian jual lagi 😂*",
      "isImage": false,
      "image_url": "-"
   },
   {
      "id": "120363147193591424@g.us",
      "key": "contabo",
      "response": " *Contabo Vps Premium Nogar*\n• 4core 6gb 1 Month *IDR 160k*\n• 4core 6gb 3 Month *IDR 380k*\n\n*Sesudah Tranfer pastikan chat/tag admin*",
      "isImage": false,
      "image_url": "-"
   },
   {
      "id": "120363147193591424@g.us",
      "key": "spotify",
      "response": "    *Spotify By Dapoer apps*\n\n*Invite 2 Bulan fullgar*\nRp. 20.000\n\n*Inplan 3 Bulan fullgar*\nRp. 20.000\n*Order 2 Akun IDR 35k*\n*Order 5 akun Free 1 akun*\nOrder tidak satu satu kalau harga murah\n\n*Inplan 3 Bulan nogar*\nRp. 15.000\n\n*Spotify 3B Luar Inplan IDR 15k*\n\n*Link Spotify 3B IDR 4k*\n\n*Sesudah Tranfer pastikan chat/tag admin*",
      "isImage": false,
      "image_url": "-"
   },
   {
      "id": "120363147193591424@g.us",
      "key": "youtube",
      "response": " *Youtube premium*\n• *Famhead 1B IDR 5k*\n• *Via invite 1B IDR 2k*\nFullgar\n\n• *3b inplan IDR 15k*\n\n*Sesudah Tranfer pastikan chat/tag admin*",
      "isImage": false,
      "image_url": "-"
   },
   {
      "id": "120363147193591424@g.us",
      "key": "alibaba",
      "response": " *Alibaba*\n*2core 4gb=3 month*\n*1 core 1gb = 1 years*\n\nGaransi 30 day *IDR 40k*\nGaransi 60 day *IDR 50k*\nGaransi 90 day *IDR 60k*\n\n*Sesudah Tranfer pastikan chat/tag admin*",
      "isImage": false,
      "image_url": "-"
   },
   {
      "id": "120363147193591424@g.us",
      "key": "vcc",
      "response": " *vcc claim trial*\n\n*Vcc MC ID $1 IDR 5k*\n*Vcc Visa ID $1 IDR 5k*\n*Vcc Visa Wise $1 IDR 8k*\n*Up Balance 18k/$1*\n\n*Sesudah Tranfer pastikan chat/tag admin*",
      "isImage": false,
      "image_url": "-"
   },
   {
      "id": "120363147193591424@g.us",
      "key": "netflix",
      "response": " *netflix private*\n• 1 akun Private nogar *IDR 85k*\n• 1 Akun Fullgar *IDR 130k*\n\n*Sesudah Tranfer pastikan chat/tag admin*",
      "isImage": false,
      "image_url": "-"
   },
   {
      "id": "120363147193591424@g.us",
      "key": "vultr",
      "response": " 👉 *Vultr Vps Premium Nogar*\n• 2core 4gb IDR 100k\n• 4core 8gb IDR 170k\n\n👉 *Vultr Vps FullGar selama Durasi masih aktif*\n• 2core 2gb IDR 50k\n• 2core 4gb IDR 80k\n• 4core 8gb IDR 140k\n• 6core 16gb IDR 200k\n\n*Akun Vultr $255 IDR 180k*\n\n*Sesudah Tranfer pastikan chat/tag admin*",
      "isImage": false,
      "image_url": "-"
   },
   {
      "id": "120363147193591424@g.us",
      "key": "azure",
      "response": " *AzureFT $200*\nIDR 75k no tawar\n\n*Sesudah Tranfer pastikan chat/tag admin*",
      "isImage": false,
      "image_url": "-"
   },
   {
      "id": "120363147193591424@g.us",
      "key": "smule",
      "response": " *PROMO VIP SMULE*\n\n\n🛍 VIP ANDRO : 30.000 Tempel\n🛍 VIP ANDRO : 45.000 Permanen 1Thn\n🛍 VIP IOS : 100.000 pemanen 1Thn\n\n*contact person :*\n085242049044",
      "isImage": false,
      "image_url": "-"
   },
   {
      "id": "120363147193591424@g.us",
      "key": "sebot",
      "response": " *Sewa bot*\n\n*Bot Line*\n• 10 bot prowar *IDR 150k*\n• 20 bot prowar *IDR 250k*\n• 50 bot prowar *IDR 400k*\n\n• Selfbot *IDR 25k*\n\n*Bot Whatsapp*\n• Bot Game Lengkap *IDR 20k*\n• Bot store+game *IDR 20k*\n• Bot Auto order *IDR 30k* sering error payment\n• Bot Bug New Babycat *IDR 50k*\n\n*Sell script*\n• Go-lang War *IDR 1 juta*\n• Helper selfbot *IDR 300k*\n• Sc wa store game *IDR 150k*\n• Sc Game MD *IDR 30k*\n• Sc Bug New Babycat *IDR 200k*\n\n*Ingat sc whatsapp gk bakal bisa kalian jual lagi 😂*",
      "isImage": false,
      "image_url": "-"
   },
   {
      "id": "120363147193591424@g.us",
      "key": "email",
      "response": " *List email*\n*Fresh email*\n• email gsuite *500p*\n• email gmail *2k*\n\n• Email bekas line *IDR 1k*\n\n*Sesudah Tranfer pastikan chat/tag admin*",
      "isImage": false,
      "image_url": "-"
   },
   {
      "id": "120363147193591424@g.us",
      "key": "token",
      "response": " *Token kebotan line*\n\n*Token addrandom*\n• 10 token *IDR 40k*\n• 20 token *IDR 75k*\n• 30 token *IDR 100k*\n\n*Note*\n*1 hari cuman bisa creat 150k token*\n*soal nya saya bukan robot*\n\n*Sesudah Tranfer pastikan chat/tag admin*",
      "isImage": false,
      "image_url": "-"
   },
   {
      "id": "120363146148438852@g.us",
      "key": "payment",
      "response": " ☆ *Payment Dapoer Apps*\n*Bank Mandiri*\n1840007525817\n\n*Cimb Niaga*\n763867694500\n\n*Bank Jago*\n106353819600\n\n*Bank Jenius*\n90230514186\n\n*Shopeepay* https://sppay.shopee.co.id/qr/008d9a2b458b363638e4",
      "isImage": false,
      "image_url": "-"
   },
   {
      "id": "120363147193591424@g.us",
      "key": "payment",
      "response": " ☆ *Payment Dapoer Apps*\n\n*Bank Mandiri*\n1840007525817\n\n*Cimb Niaga*\n763867694500\n\n*Bank Jago*\n106353819600\n\n*Bank Jenius*\n90230514186\n\n*Paypal*\npantekstore182",
      "isImage": false,
      "image_url": "-"
   },
   {
      "id": "120363130828737737@g.us",
      "key": "netflix",
      "response": "  *netflix private*\n• 1 akun Private nogar *IDR 85k*\n• 1 Akun Fullgar *IDR 130k*\n\n\n*Sesudah Tranfer pastikan chat/tag admin*",
      "isImage": false,
      "image_url": "-"
   },
   {
      "id": "120363130828737737@g.us",
      "key": "azure",
      "response": " *AzureFT $200*\nIDR 75k no tawar\n\n*Sesudah Tranfer pastikan chat/tag admin*",
      "isImage": false,
      "image_url": "-"
   },
   {
      "id": "120363130828737737@g.us",
      "key": "alibaba",
      "response": "  *Alibaba*\n*2core 4gb=3 month*\n*1 core 1gb = 1 years*\n\nGaransi 3 day *IDR 22k*\nGaransi 7 day *IDR 25k*\nGaransi 14 day *IDR 30k*\nGaransi 30 day *IDR 40k*\nGaransi 60 day *IDR 50k*\nGaransi 90 day *IDR 60k*\n\n*Sesudah Tranfer pastikan chat/tag admin*",
      "isImage": false,
      "image_url": "-"
   },
   {
      "id": "120363130828737737@g.us",
      "key": "vcc",
      "response": " *vcc claim trial*\n\n*Vcc MC ID $1 IDR 5k*\n*Vcc Visa ID $1 IDR 5k*\n*Vcc Visa Wise $1 IDR 8k*\n*Up Balance 18k/$1*\n\n*Sesudah Tranfer pastikan chat/tag admin*",
      "isImage": false,
      "image_url": "-"
   },
   {
      "id": "120363130828737737@g.us",
      "key": "contabo",
      "response": " *Contabo Vps Premium Nogar*\n• 4core 6gb 1 Month *IDR 160k*\n• 4core 6gb 3 Month *IDR 380k*\n\n*Sesudah Tranfer pastikan chat/tag admin*",
      "isImage": false,
      "image_url": "-"
   },
   {
      "id": "120363130828737737@g.us",
      "key": "vultr",
      "response": " 👉 *Vultr Vps Premium Nogar*\n• 2core 4gb IDR 100k\n• 4core 8gb IDR 170k\n\n👉 *Vultr Vps FullGar selama Durasi masih aktif*\n• 2core 2gb IDR 50k\n• 2core 4gb IDR 80k\n• 4core 8gb IDR 140k\n• 6core 16gb IDR 200k\n\n*Akun Vultr $255 IDR 180k*\n\n*Sesudah Tranfer pastikan chat/tag admin*",
      "isImage": false,
      "image_url": "-"
   },
   {
      "id": "120363130828737737@g.us",
      "key": "sebot",
      "response": " *Sewa bot*\n\n*Bot Line*\n• 10 bot prowar *IDR 150k*\n• 20 bot prowar *IDR 250k*\n• 50 bot prowar *IDR 400k*\n\n• Selfbot *IDR 25k*\n\n*Bot Whatsapp*\n• Bot Game Lengkap *IDR 20k*\n• Bot store+game *IDR 20k*\n• Bot Auto order *IDR 30k* sering error payment\n• Bot Bug New Babycat *IDR 50k*\n\n*Sell script*\n• Go-lang War *IDR 1 juta*\n• Helper selfbot *IDR 300k*\n• Sc wa store game *IDR 150k*\n• Sc Game MD *IDR 30k*\n• Sc Bug New Babycat *IDR 200k*\n\n*Ingat sc whatsapp gk bakal bisa kalian jual lagi 😂*",
      "isImage": false,
      "image_url": "-"
   },
   {
      "id": "120363130828737737@g.us",
      "key": "token",
      "response": " *Token kebotan line*\n\n*Token addrandom*\n• 10 token *IDR 40k*\n• 20 token *IDR 75k*\n• 30 token *IDR 100k*\n\n*Note*\n*1 hari cuman bisa creat 150k token*\n*soal nya saya bukan robot*\n\n*Sesudah Tranfer pastikan chat/tag admin*",
      "isImage": false,
      "image_url": "-"
   },
   {
      "id": "120363130828737737@g.us",
      "key": "list",
      "response": " *List Dapoer apps*\n• *Payment*\n• *Vultr*\n• *Do*\n• *Azure*\n• *Alibaba*\n• *Contabo*\n• *Spotify*\n• *Netflix*\n• *Youtube*\n• *Sebot*\n• *Token*\n• *Vcc*\n• *Email*\n• *smule*\n• *viu*\n• *vision+*\n• *appmus*\n• *canva*\n• *tiktok [Paket tiktok]*\n• *otp*\n• *wise [Bank wise]*\n\n\n*Pastikan admin respon sebelum order*",
      "isImage": false,
      "image_url": "-"
   },
   {
      "id": "120363130828737737@g.us",
      "key": "smule",
      "response": " *PROMO VIP SMULE*\n\n\n🛍 VIP ANDRO : 30.000 Tempel\n🛍 VIP ANDRO : 45.000 Permanen 1Thn\n🛍 VIP IOS : 100.000 pemanen 1Thn\n\n*contact person :*\n085242049044",
      "isImage": false,
      "image_url": "-"
   },
   {
      "id": "120363130828737737@g.us",
      "key": "email",
      "response": " *List email*\n*Fresh email*\n• email gsuite *500p*\n• email gmail *2k*\n\n• Email bekas line *IDR 1k*\n\n*Sesudah Tranfer pastikan chat/tag admin*",
      "isImage": false,
      "image_url": "-"
   },
   {
      "id": "120363130828737737@g.us",
      "key": "payment",
      "response": "  ☆ *Payment Dapoer Apps*\n*Bank Mandiri*\n1840007525817\n\n*Cimb Niaga*\n763867694500\n\n*Bank Jago*\n106353819600\n\n*Bank Jenius*\n90230514186\n\n*Shopeepay* https://sppay.shopee.co.id/qr/008d9a2b458b363638e4",
      "isImage": false,
      "image_url": "-"
   },
   {
      "id": "120363130828737737@g.us",
      "key": "youtube",
      "response": "    *Youtube premium*\n• *Famhead 1B IDR 4k*\n5 akun *IDR 18k*\n\n• *Via invite 1B IDR 2k*\n• *2 invite IDR 3k*\nFullgar\n\n• *1B inplan IDR 2k*\n5 akun *IDR 18k*\n\n• *3b inplan IDR 15k*\n• *Jaspay yt head/inv IDR 2k*\n\n*Sesudah Tranfer pastikan chat/tag admin*",
      "isImage": false,
      "image_url": "-"
   },
   {
      "id": "120363130828737737@g.us",
      "key": "spotify",
      "response": "         *Spotify By Dapoer apps*\n\n*2 Bulan Head IDR 60k Gar*\n\n*Spotify fullgar*\n*1B inv* IDR 15k\n*2B inv* IDR 25k\n*3B inplan* IDR 30k\n\n\n*2 Bulan nogar*\nRp. 8.000\n\n*3 Bulan nogar*\nRp. 10.000\n\n*Spotify 3B Luar Inplan IDR 15k*\n\n*Link Spotify*\n 2B *IDR 2k*\n 3B *IDR 3k*\n\n*Sesudah Tranfer pastikan chat/tag admin*",
      "isImage": false,
      "image_url": "-"
   },
   {
      "id": "120363130828737737@g.us",
      "key": "sc",
      "response": " *Script Store New Update*\n*Baca deskripsi video info script*\n\nhttps://youtu.be/MEzeeLvl-K8?si=wtphA5WbRqAbaLOX",
      "isImage": false,
      "image_url": "-"
   },
   {
      "id": "120363130828737737@g.us",
      "key": "do",
      "response": " *DIGITAL OCEAN*  \n10 DROPLET \n*2 BULAN*\n\nCREDIT 205$\n\n*IDR 170k no tawar*",
      "isImage": false,
      "image_url": "-"
   },
   {
      "id": "120363130828737737@g.us",
      "key": "viu",
      "response": "  *Viu 10B-1 Tahun*\n\n*1 email IDR 800 perak*\n*10 email IDR 7k*\n*50 email IDR 30k*\n*100 email IDR 50k*\n\n*Viu Nogar*\n*Jangan Takut Viu dari dulu aman selalu bagus*\n\n*Viu Garansi*\n*10B-1Tahun IDR 10k*\n*2B IDR 5k*",
      "isImage": false,
      "image_url": "-"
   },
   {
      "id": "120363130828737737@g.us",
      "key": "appmus",
      "response": " *☆Appmus Head*\n*appmus 1B IDR 7k Nogar*\n\n*appmus 1B IDR 15k Fullgar*\n\n*Appmus 3B 12k nogar*\n\n*Appmus nogar awet sih*",
      "isImage": false,
      "image_url": "-"
   },
   {
      "id": "120363130828737737@g.us",
      "key": "vv",
      "response": " *vision+sport*\n*vision+ 1B IDR 8k nogar*\n\n*Jangan tawar lagi*",
      "isImage": false,
      "image_url": "-"
   },
   {
      "id": "120363130828737737@g.us",
      "key": "vision+",
      "response": " *vision+sport*\n*vision+ 1B IDR 8k nogar*\n\n*Jangan tawar lagi*",
      "isImage": false,
      "image_url": "-"
   },
   {
      "id": "120363130828737737@g.us",
      "key": "List",
      "response": "    *List Dapoer apps*\n• *Payment*\n• *Vultr*\n• *Do*\n• *Azure*\n• *Alibaba*\n• *Contabo*\n• *Spotify*\n• *Netflix*\n• *Youtube*\n• *Sebot*\n• *Token*\n• *Vcc*\n• *Email*\n• *smule*\n• *viu*\n• *vision+*\n• *appmus*\n\n\n*Pastikan admin respon sebelum order*",
      "isImage": false,
      "image_url": "-"
   },
   {
      "id": "120363130828737737@g.us",
      "key": "canva",
      "response": " *Canva Owner*\n\nCanva Head 1B *IDR 5k*\nCanva Head 1B 10 akun *IDR 40k*\n\n*Jangan Di Tawar ya 😂*",
      "isImage": false,
      "image_url": "-"
   },
   {
      "id": "120363130828737737@g.us",
      "key": "tiktok",
      "response": "     *PAKET TIKTOK*\n☆ *Follower*\n• 100 Followers *IDR 5k*\n• 200 Followers *IDR 10k*\n• 300 Followers *IDR 14k*\n• 400 Followers *IDR 18k*\n• 500 Followers *IDR 25k*\n• 1.000 Followers *IDR 43k*\n\n☆ *Views video*\n• 5.000 View *IDR 1k*\n• 10.000 View *IDR 2k*\n\n☆ *Views live*\n• 100 View stay 15 menit *IDR 2k*\n• 500 View stay 15 menit *IDR 7k*\n• 1000 View stay 15 menit *IDR 10k*\n\n• 100 View stay 30 menit *IDR 4k*\n• 500 View stay 30 menit *IDR 12k*\n• 1000 View stay 30 menit *IDR 18k*\n\n☆ *Like*\n• 100 Like *IDR 1k*\n• 200 Like *IDR 2k*\n• 300 Like *IDR 3k*\n• 400 Like *IDR 4k*\n• 500 Like *IDR 5k*\n• 1.000 Like *IDR 8k*",
      "isImage": false,
      "image_url": "-"
   },
   {
      "id": "120363130828737737@g.us",
      "key": "otp",
      "response": "  *Otp By Dapoer Apps*\n*Region Only 🇲🇨*\nwhatsapp *IDR 10k*\nAlibaba *IDR 2K*\npaypal *IDR 2K*\nshopee *IDR 3k*\nTelegram *IDR 14k*\n\nwa canada 🇨🇦 *IDR 15k*\nwa inggris 🏴󠁧󠁢󠁥󠁮󠁧󠁿 *IDR 20k*\nwa usa 🇺🇸 *IDR 17k*\nwa Tanzania 🇹🇿 *IDR 8k* \n\n*Node*\nOTP di send admin\npastikan chat admin",
      "isImage": false,
      "image_url": "-"
   },
   {
      "id": "120363130828737737@g.us",
      "key": "wise",
      "response": "  *Wise Bank*\nAkun Kosongan *IDR 100k*\nAkun + 1euro *IDR 130k*\nAkun + 2euro *IDR 150k*\n\nSaldo wise 1 euro *IDR 25k*\n\n*Node*\nAkun mahal jangan beli\npastikan reques region ke admin.\n\n*Kenapa kosongan murah sedangkan saldo 1euro 130k*\n*dikarenakan kadang akun baru kosongan tidak bisa depo atau tranfer*",
      "isImage": false,
      "image_url": "-"
   },
   {
      "id": "120363130828737737@g.us",
      "key": "promo",
      "response": "     *Dapoer Apps Promo*\n• Spotify 3B *IDR 8k*\n• Youtube Inp/head 1B *IDR 3.5k*\n• Viu 11 Bulan 20 akun *IDR 12k*\n• Canva Owner *IDR 5k*\n• Vision+ *IDR 7k*\n• Appmus head 1B *IDR 7k*\n• Appmus head 3B *IDR 9k*\n\n*Node*\nSorry promo nya mahal jangan beli 😂",
      "isImage": false,
      "image_url": "-"
   }
]